
### 数値・整数、日付・時刻型の最小値と最大値
- http://mysql.javarou.com/dat/000831.html

### 時刻
```
mysql> SELECT NOW(), CURRENT_TIMESTAMP(), CURRENT_TIMESTAMP;
+---------------------+---------------------+---------------------+
| NOW()               | CURRENT_TIMESTAMP() | CURRENT_TIMESTAMP   |
+---------------------+---------------------+---------------------+
| 2016-12-22 23:36:05 | 2016-12-22 23:36:05 | 2016-12-22 23:36:05 |
+---------------------+---------------------+---------------------+
1 row in set (0.00 sec)

mysql> SELECT CURDATE(), CURRENT_DATE(), CURRENT_DATE;
+------------+----------------+--------------+
| CURDATE()  | CURRENT_DATE() | CURRENT_DATE |
+------------+----------------+--------------+
| 2016-12-22 | 2016-12-22     | 2016-12-22   |
+------------+----------------+--------------+
1 row in set (0.00 sec)

mysql> SELECT CURTIME(), CURRENT_TIME(), CURRENT_TIME;
+-----------+----------------+--------------+
| CURTIME() | CURRENT_TIME() | CURRENT_TIME |
+-----------+----------------+--------------+
| 23:36:41  | 23:36:41       | 23:36:41     |
+-----------+----------------+--------------+
1 row in set (0.00 sec)
```

### CONCAT
CONCATを使うと文字列の結合ができるようになる。
```
mysql> SELECT CONCAT( 'http', '://', 'www.google.com', ':8080' );
+----------------------------------------------------+
| CONCAT( 'http', '://', 'www.google.com', ':8080' ) |
+----------------------------------------------------+
| http://www.google.com:8080                         |
+----------------------------------------------------+
```

どれか1つでもNULLが入ると結果はNULLとなる。
```
mysql> SELECT CONCAT( 'My', 'SQL', '関数', NULL );
+---------------------------------------+
| CONCAT( 'My', 'SQL', '関数', NULL )   |
+---------------------------------------+
| NULL                                  |
+---------------------------------------+
```
